id,firstName,lastName,email,gender,ipAddress
1,Harman,Diem,hdiem0@auda.org.au,Male,20.148.145.246
2,Junia,Rodway,jrodway1@purevolume.com,Female,244.73.200.61
3,William,Cubin,wcubin2@webeden.co.uk,Male,178.196.111.158
4,Katleen,Dwerryhouse,kdwerryhouse3@ifeng.com,Female,37.55.78.195
5,Graig,Penny,gpenny4@sogou.com,Male,172.156.20.244
6,Barby,Ragdale,bragdale5@google.com.br,Female,111.173.59.178
7,Pierce,Yuranovev,pyuranovev6@loc.gov,Male,222.158.57.58
8,Martie,Dilawey,mdilawey7@samsung.com,Female,237.138.136.15
9,Brucie,Blaycock,bblaycock8@geocities.com,Male,34.56.207.22
10,Antoine,Huckin,ahuckin9@so-net.ne.jp,Male,20.199.198.14
11,Aridatha,Meagher,ameaghera@ask.com,Female,83.22.11.139
12,Bing,Vivers,bviversb@nhs.uk,Non-binary,251.96.219.195
13,Torey,Turtle,tturtlec@netscape.com,Male,226.207.36.15
14,Bibby,Pymm,bpymmd@csmonitor.com,Female,83.34.111.72
15,Mariska,Flannigan,mflannigane@census.gov,Female,39.57.138.128
16,Clarabelle,Gilluley,cgilluleyf@hc360.com,Genderfluid,122.242.224.121
17,Lissie,Narrie,lnarrieg@cam.ac.uk,Polygender,234.133.223.241
18,Lawry,Eagling,leaglingh@simplemachines.org,Genderfluid,73.13.37.145
19,Eileen,Baggott,ebaggotti@soundcloud.com,Female,203.157.54.8
20,Wells,Torre,wtorrej@techcrunch.com,Male,252.227.200.30
21,Helyn,Rayment,hraymentk@foxnews.com,Female,244.61.128.10
22,Felecia,Hedan,fhedanl@seattletimes.com,Agender,221.66.21.177
23,Mersey,Ubanks,mubanksm@ning.com,Female,176.195.38.212
24,Melinde,Ferran,mferrann@nhs.uk,Female,46.190.126.17
25,Chen,Mangin,cmangino@unblog.fr,Male,193.125.203.197
26,Devinne,Paslow,dpaslowp@wikia.com,Female,55.64.87.242
27,Kendra,Berrane,kberraneq@vk.com,Female,75.172.221.185
28,Carlina,Temprell,ctemprellr@businessweek.com,Bigender,128.54.5.122
29,Kaitlyn,Moresby,kmoresbys@devhub.com,Female,246.248.157.4
30,Lacy,Cozins,lcozinst@cbslocal.com,Female,205.53.147.62
31,Randy,Tolerton,rtolertonu@pinterest.com,Female,14.26.96.156
32,Leonidas,Bellefant,lbellefantv@blogs.com,Male,47.138.71.146
33,Marina,Kensitt,mkensittw@cnbc.com,Female,1.65.66.114
34,Mina,Heugh,mheughx@dailymotion.com,Female,126.29.168.0
35,Valera,Skeen,vskeeny@businessinsider.com,Female,79.123.59.89
36,Bernardina,Marcoolyn,bmarcoolynz@netlog.com,Female,20.212.0.228
37,Ricki,Scroggie,rscroggie10@ycombinator.com,Female,75.23.53.149
38,Izzy,Test,itest11@eepurl.com,Male,247.172.87.49
39,Gretel,Spight,gspight12@lulu.com,Non-binary,170.41.167.204
40,Tonnie,Landells,tlandells13@delicious.com,Male,223.89.222.88
41,Celka,Corona,ccorona14@cloudflare.com,Female,166.251.255.135
42,Lyon,Lindro,llindro15@examiner.com,Male,225.68.54.56
43,Eduardo,Lanfere,elanfere16@google.co.uk,Male,253.169.0.250
44,Dewain,Bumphrey,dbumphrey17@paginegialle.it,Male,50.43.218.10
45,Isaak,Hadny,ihadny18@deliciousdays.com,Genderqueer,223.61.140.153
46,Shem,Durrant,sdurrant19@biblegateway.com,Male,74.144.139.243
47,Salaidh,Say,ssay1a@icio.us,Female,70.236.222.123
48,Doro,Annatt,dannatt1b@mapquest.com,Female,47.2.99.144
49,Angy,Brazer,abrazer1c@archive.org,Female,76.148.153.112
50,Theodore,Jakoviljevic,tjakoviljevic1d@ucsd.edu,Non-binary,157.74.184.29
51,Doe,Stoite,dstoite1e@mashable.com,Female,45.52.5.209
52,Sib,Orkney,sorkney1f@buzzfeed.com,Female,137.54.221.154
53,Brana,Franceschelli,bfranceschelli1g@spiegel.de,Female,29.207.146.132
54,Tommi,Baccup,tbaccup1h@mashable.com,Female,200.234.120.218
55,Ryon,Schubuser,rschubuser1i@zimbio.com,Male,109.40.120.123
56,Parry,Flageul,pflageul1j@nydailynews.com,Male,183.195.114.64
57,Glynn,Gaskamp,ggaskamp1k@qq.com,Male,2.20.192.253
58,Giordano,Binner,gbinner1l@barnesandnoble.com,Male,74.234.158.173
59,Sarine,Connop,sconnop1m@freewebs.com,Female,250.207.105.249
60,Stefa,Jollands,sjollands1n@huffingtonpost.com,Genderfluid,83.93.29.87
61,Barris,Monier,bmonier1o@ocn.ne.jp,Male,60.149.163.112
62,Mandi,Hearnaman,mhearnaman1p@trellian.com,Female,67.146.60.92
63,Skell,Petters,spetters1q@edublogs.org,Male,7.215.8.144
64,Augusta,Branca,abranca1r@prnewswire.com,Female,252.96.27.66
65,Roseanna,Blaszczynski,rblaszczynski1s@umn.edu,Female,95.31.65.111
66,Chevalier,Spykings,cspykings1t@msu.edu,Male,141.215.98.71
67,Alonzo,Morfield,amorfield1u@irs.gov,Male,246.203.234.242
68,Jenilee,Maughan,jmaughan1v@bloglines.com,Agender,147.222.155.248
69,Almire,Lathy,alathy1w@gmpg.org,Female,126.143.96.253
70,Valry,Abyss,vabyss1x@plala.or.jp,Female,56.166.28.172
71,Terrell,Stirman,tstirman1y@latimes.com,Male,47.136.202.204
72,Rivkah,Tireman,rtireman1z@dell.com,Female,89.11.22.182
73,Baryram,Storrs,bstorrs20@cornell.edu,Male,126.13.57.90
74,Geordie,Roger,groger21@ehow.com,Male,134.195.62.150
75,Noby,Carbett,ncarbett22@reuters.com,Male,99.21.154.152
76,Isaac,Levane,ilevane23@pinterest.com,Male,118.16.161.220
77,Torry,Lethbury,tlethbury24@ezinearticles.com,Male,153.26.86.118
78,Sybil,Yosifov,syosifov25@eepurl.com,Female,7.84.129.77
79,Greggory,Boniface,gboniface26@sohu.com,Male,60.6.141.100
80,Trenna,Inglesant,tinglesant27@goodreads.com,Female,152.230.142.239
81,Elwood,Bramhill,ebramhill28@arizona.edu,Male,86.252.64.17
82,Hetti,Whitley,hwhitley29@hatena.ne.jp,Female,23.135.58.121
83,Riordan,Cockroft,rcockroft2a@springer.com,Male,222.154.233.207
84,Henrietta,Bastable,hbastable2b@princeton.edu,Female,106.171.185.232
85,Doroteya,O' Driscoll,dodriscoll2c@symantec.com,Female,31.4.98.83
86,Ulla,Doddrell,udoddrell2d@networkadvertising.org,Female,197.193.221.73
87,Angelica,Curreen,acurreen2e@cmu.edu,Female,108.0.179.198
88,Jeremiah,Esseby,jesseby2f@webeden.co.uk,Male,222.47.15.166
89,Cam,Rodgerson,crodgerson2g@google.it,Male,160.59.240.37
90,Bertram,Vasiltsov,bvasiltsov2h@msn.com,Male,171.1.138.149
91,Aundrea,Corp,acorp2i@nytimes.com,Female,175.23.183.125
92,Robinson,Devall,rdevall2j@sakura.ne.jp,Male,203.16.80.188
93,Patricia,Grinov,pgrinov2k@nps.gov,Female,218.157.189.58
94,Elianore,Franklyn,efranklyn2l@joomla.org,Female,57.49.169.90
95,Worth,Gianilli,wgianilli2m@bandcamp.com,Male,46.177.149.255
96,Say,Wiggans,swiggans2n@nytimes.com,Male,244.242.9.34
97,Michell,Doughill,mdoughill2o@seattletimes.com,Bigender,165.118.158.220
98,Elmo,Riseam,eriseam2p@sakura.ne.jp,Male,117.202.155.180
99,Saloma,Portwain,sportwain2q@nbcnews.com,Female,42.40.212.144
100,Gerianne,Gatiss,ggatiss2r@github.io,Female,112.142.185.53
101,Fanechka,Moniker,fmoniker2s@friendfeed.com,Female,34.87.161.106
102,Jinny,Ferrettini,jferrettini2t@apache.org,Female,87.85.131.157
103,Innis,Hanmer,ihanmer2u@jiathis.com,Male,196.6.19.64
104,Debra,Gilbody,dgilbody2v@topsy.com,Female,5.204.118.71
105,Feodora,Freke,ffreke2w@slate.com,Female,186.134.209.224
106,Thorpe,Brabyn,tbrabyn2x@vimeo.com,Male,154.166.229.109
107,Em,Gunney,egunney2y@comcast.net,Male,168.103.212.191
108,Leonard,Luard,lluard2z@theglobeandmail.com,Male,165.15.195.184
109,Allistir,Loveguard,aloveguard30@livejournal.com,Male,119.58.150.139
110,Natty,Barrim,nbarrim31@icio.us,Female,25.137.209.76
111,Donelle,Kobus,dkobus32@purevolume.com,Female,211.164.87.64
112,Adena,Banville,abanville33@angelfire.com,Polygender,185.92.153.22
113,Carly,Pullan,cpullan34@loc.gov,Male,30.160.113.70
114,Jobi,Pallis,jpallis35@wikia.com,Female,121.200.252.70
115,Port,Houlston,phoulston36@miibeian.gov.cn,Male,37.202.61.242
116,Ezri,Lumsdall,elumsdall37@google.pl,Male,111.76.183.231
117,Murdock,Burbage,mburbage38@mediafire.com,Male,103.12.2.106
118,Simeon,Fairbrace,sfairbrace39@prweb.com,Male,145.0.51.98
119,Thorvald,Mabson,tmabson3a@ca.gov,Male,244.50.16.244
120,Georgiana,Gaven,ggaven3b@123-reg.co.uk,Female,22.14.248.25
121,Andrew,Strong,astrong3c@tripadvisor.com,Male,248.77.139.91
122,Jacquenetta,Fann,jfann3d@abc.net.au,Polygender,165.187.238.53
123,Silvan,Dummigan,sdummigan3e@imageshack.us,Male,14.210.127.9
124,Dill,Clurow,dclurow3f@flavors.me,Male,134.223.230.124
125,Brewster,Keywood,bkeywood3g@bravesites.com,Male,20.143.115.9
126,Natasha,McGoogan,nmcgoogan3h@google.com.au,Female,53.95.120.9
127,Deedee,O'Corrin,docorrin3i@adobe.com,Female,28.84.241.64
128,Sheena,Parman,sparman3j@mozilla.com,Female,31.248.186.16
129,Meredith,Deem,mdeem3k@imageshack.us,Female,48.93.148.26
130,Kessiah,Rolles,krolles3l@scientificamerican.com,Female,253.81.203.73
131,Sunshine,Fyldes,sfyldes3m@bing.com,Female,63.68.67.128
132,Nelson,Escritt,nescritt3n@theatlantic.com,Male,127.1.162.229
133,Vic,Frany,vfrany3o@addtoany.com,Agender,131.217.86.174
134,Skippie,Riquet,sriquet3p@hugedomains.com,Male,123.8.83.220
135,Gwenny,Mourant,gmourant3q@eventbrite.com,Female,88.180.155.17
136,Flossy,Osgerby,fosgerby3r@bbc.co.uk,Female,98.102.132.30
137,Hatti,Roma,hroma3s@independent.co.uk,Female,70.64.45.98
138,Justis,Persitt,jpersitt3t@acquirethisname.com,Male,235.220.93.168
139,Mikaela,Parton,mparton3u@zimbio.com,Female,124.145.74.139
140,Dottie,Franzonello,dfranzonello3v@amazon.co.jp,Female,100.118.170.78
141,Jenine,Speer,jspeer3w@washington.edu,Female,215.215.248.149
142,Leif,Theurer,ltheurer3x@cdc.gov,Male,124.63.202.97
143,Alaster,Elwel,aelwel3y@cnet.com,Male,3.170.194.102
144,Marijn,Neilus,mneilus3z@paypal.com,Male,63.180.67.199
145,Sabina,McLellan,smclellan40@washingtonpost.com,Female,13.29.232.105
146,Sallie,Couldwell,scouldwell41@discovery.com,Female,133.192.133.197
147,Jody,D'Aguanno,jdaguanno42@usatoday.com,Polygender,115.39.134.59
148,Alair,Crooke,acrooke43@ucoz.com,Male,208.203.59.245
149,Mike,Heales,mheales44@shutterfly.com,Male,170.110.250.250
150,Trever,Stendell,tstendell45@bigcartel.com,Agender,24.26.22.124
151,Beltran,Coley,bcoley46@multiply.com,Male,190.200.24.58
152,Shara,Skelding,sskelding47@sfgate.com,Female,97.69.220.249
153,Kristian,Lepper,klepper48@seattletimes.com,Male,239.245.216.168
154,Cherilyn,Whebell,cwhebell49@tumblr.com,Female,227.172.83.169
155,Tiffie,Suddick,tsuddick4a@histats.com,Female,26.13.173.48
156,Raphaela,Neill,rneill4b@chronoengine.com,Female,198.54.225.11
157,Teena,Labb,tlabb4c@behance.net,Female,100.59.172.88
158,Fanechka,Burgott,fburgott4d@tumblr.com,Female,104.6.127.70
159,Munmro,Jacson,mjacson4e@vk.com,Male,83.136.132.89
160,Mallissa,Gaitskell,mgaitskell4f@guardian.co.uk,Female,2.234.135.84
161,Marlowe,Harler,mharler4g@merriam-webster.com,Male,163.205.221.170
162,Godfree,Sheather,gsheather4h@geocities.jp,Male,1.159.247.138
163,Moyra,Petrosian,mpetrosian4i@issuu.com,Female,148.19.56.94
164,Toinette,Heyns,theyns4j@kickstarter.com,Female,21.81.96.138
165,Albertina,MacCardle,amaccardle4k@phpbb.com,Female,11.157.2.161
166,Brennen,Tomlett,btomlett4l@printfriendly.com,Male,14.5.18.90
167,Caddric,Waddy,cwaddy4m@who.int,Male,158.26.51.217
168,Bessie,Yorke,byorke4n@bravesites.com,Female,116.105.230.166
169,Moises,Godleman,mgodleman4o@usatoday.com,Male,49.5.179.9
170,Melita,Canham,mcanham4p@google.cn,Polygender,131.143.204.11
171,Angelika,Boal,aboal4q@nymag.com,Female,56.193.240.238
172,Jayne,Held,jheld4r@51.la,Female,75.165.133.206
173,Ethelind,Manhare,emanhare4s@google.co.uk,Female,77.174.93.11
174,Suzy,Hewes,shewes4t@ifeng.com,Agender,130.4.143.53
175,Aldric,Oswal,aoswal4u@gizmodo.com,Agender,191.3.173.135
176,Benedikta,Haimes,bhaimes4v@nyu.edu,Female,204.43.215.208
177,Patty,O'Lenechan,polenechan4w@google.co.uk,Female,208.204.31.10
178,Jody,Pavlenkov,jpavlenkov4x@icio.us,Female,197.131.66.166
179,Marne,Pittendreigh,mpittendreigh4y@ca.gov,Female,238.218.104.194
180,Bobbie,Mussington,bmussington4z@goodreads.com,Female,180.196.150.126
181,Emilio,Legges,elegges50@mayoclinic.com,Male,173.180.79.160
182,Ronda,Chaikovski,rchaikovski51@opera.com,Female,152.95.204.163
183,Beauregard,Kirley,bkirley52@webs.com,Male,1.240.51.27
184,Joachim,Meddings,jmeddings53@vkontakte.ru,Male,99.182.228.32
185,Lexie,Clemitt,lclemitt54@ow.ly,Female,29.135.4.180
186,Romy,Simpkin,rsimpkin55@ucla.edu,Female,117.186.160.236
187,Ofella,Sucre,osucre56@pinterest.com,Female,229.224.151.227
188,Loy,MacInherney,lmacinherney57@paginegialle.it,Male,15.239.141.247
189,Kip,Gallegos,kgallegos58@auda.org.au,Male,123.120.112.191
190,Gustav,Watling,gwatling59@china.com.cn,Male,216.123.107.48
191,Kaile,Mechan,kmechan5a@reverbnation.com,Female,0.164.197.150
192,Carin,Byrom,cbyrom5b@newyorker.com,Female,226.60.66.94
193,Brigg,Fray,bfray5c@walmart.com,Male,21.49.97.243
194,Ethelin,Brevetor,ebrevetor5d@nba.com,Female,48.115.185.210
195,Lauretta,Cadlock,lcadlock5e@networkadvertising.org,Female,163.22.228.101
196,Naoma,Smittoune,nsmittoune5f@columbia.edu,Female,113.82.187.148
197,Giovanni,Brandel,gbrandel5g@4shared.com,Male,52.208.7.78
198,Tanny,Dressel,tdressel5h@go.com,Male,175.157.36.214
199,Remy,Worpole,rworpole5i@ask.com,Female,1.163.104.158
200,Dasie,Linscott,dlinscott5j@chicagotribune.com,Genderfluid,175.179.80.118
201,Winna,Ivashkin,wivashkin5k@arstechnica.com,Female,99.52.45.38
202,Fremont,Todari,ftodari5l@eepurl.com,Male,118.76.187.168
203,Vera,Kleinmann,vkleinmann5m@myspace.com,Female,38.20.21.240
204,Bernadette,Railton,brailton5n@reddit.com,Female,48.112.236.41
205,Olivia,Coale,ocoale5o@netvibes.com,Female,179.47.228.91
206,Moore,MacSporran,mmacsporran5p@artisteer.com,Male,58.224.206.136
207,Cale,Monan,cmonan5q@java.com,Male,44.93.33.58
208,Becka,Luter,bluter5r@google.es,Female,115.154.250.88
209,Adrian,Nowick,anowick5s@abc.net.au,Male,159.147.136.230
210,Danica,Somner,dsomner5t@creativecommons.org,Female,71.212.108.173
211,Elnora,Ryson,eryson5u@woothemes.com,Female,152.33.242.115
212,Malvin,Proppers,mproppers5v@dedecms.com,Male,238.83.151.84
213,Gabriel,Meany,gmeany5w@macromedia.com,Non-binary,242.207.243.212
214,Gerry,Stot,gstot5x@1688.com,Male,245.182.206.56
215,Flory,Fetherston,ffetherston5y@stanford.edu,Male,147.130.234.219
216,Winfield,de Pinna,wdepinna5z@netvibes.com,Male,12.143.77.201
217,Briana,Feldhuhn,bfeldhuhn60@cbsnews.com,Female,155.11.150.119
218,Jeana,De la Eglise,jdelaeglise61@ed.gov,Female,100.60.89.165
219,Nickie,Yalden,nyalden62@deliciousdays.com,Female,252.143.11.153
220,Thom,Huntall,thuntall63@globo.com,Male,124.82.250.130
221,Reta,Lathy,rlathy64@zimbio.com,Female,221.193.3.225
222,Wenona,Choules,wchoules65@macromedia.com,Non-binary,116.147.72.78
223,Simonette,Synan,ssynan66@tinyurl.com,Female,247.188.165.72
224,Josee,Schimoni,jschimoni67@reference.com,Female,91.103.5.121
225,Caritta,Gittens,cgittens68@list-manage.com,Female,9.20.92.168
226,Temple,Faulkes,tfaulkes69@europa.eu,Male,127.100.253.254
227,Lavena,Ashling,lashling6a@wikimedia.org,Agender,59.149.160.55
228,Laryssa,Sneller,lsneller6b@epa.gov,Female,140.57.157.214
229,Remy,McIleen,rmcileen6c@yahoo.co.jp,Female,206.64.30.157
230,Dana,Gonning,dgonning6d@cafepress.com,Agender,95.233.212.157
231,Alma,Okroy,aokroy6e@google.ru,Female,12.10.30.211
232,Dukey,Rodolphe,drodolphe6f@fda.gov,Male,253.150.154.213
233,Calypso,Breckell,cbreckell6g@jigsy.com,Genderqueer,55.104.61.35
234,Gary,Furse,gfurse6h@hhs.gov,Male,29.100.236.176
235,Vivia,Dursley,vdursley6i@dailymotion.com,Female,38.197.152.32
236,Elisabet,Thornewill,ethornewill6j@issuu.com,Female,133.215.100.17
237,Conway,Gallie,cgallie6k@hatena.ne.jp,Male,244.1.198.130
238,Janaye,Monk,jmonk6l@google.co.jp,Female,162.233.178.127
239,Lynnet,Antonomoli,lantonomoli6m@ucoz.ru,Female,19.108.157.4
240,Hedda,Croucher,hcroucher6n@mashable.com,Female,78.168.41.126
241,Lavinia,Chazier,lchazier6o@auda.org.au,Female,130.48.192.26
242,Mackenzie,Fantini,mfantini6p@moonfruit.com,Male,202.240.66.125
243,Bev,Jancik,bjancik6q@macromedia.com,Male,55.5.158.88
244,Benoite,Yurshev,byurshev6r@umn.edu,Female,4.13.134.240
245,Hurleigh,Graeser,hgraeser6s@nps.gov,Male,163.196.44.219
246,Zacharia,Gawkes,zgawkes6t@live.com,Male,182.184.100.57
247,Minne,Sarten,msarten6u@chronoengine.com,Female,122.174.92.63
248,Carolan,Luxford,cluxford6v@tuttocitta.it,Female,38.147.103.119
249,Kermie,Ranald,kranald6w@seattletimes.com,Male,78.183.228.68
250,Annissa,Boman,aboman6x@hibu.com,Female,65.129.165.62
251,Yovonnda,Redgate,yredgate6y@jiathis.com,Female,112.182.82.148
252,Benoit,Wintringham,bwintringham6z@chronoengine.com,Male,90.162.230.81
253,Elbertina,Smitton,esmitton70@google.it,Female,72.185.79.11
254,Freemon,Battista,fbattista71@weather.com,Male,204.158.33.149
255,Farr,Wardesworth,fwardesworth72@exblog.jp,Male,200.187.158.48
256,Obadiah,Twort,otwort73@washingtonpost.com,Male,41.88.227.159
257,Kirbie,Hovy,khovy74@fotki.com,Female,127.59.151.99
258,Almira,Beetham,abeetham75@indiatimes.com,Female,166.196.93.110
259,Finlay,Tole,ftole76@weebly.com,Male,241.28.160.94
260,Marlo,Garrod,mgarrod77@gravatar.com,Male,63.190.34.223
261,Rance,Maddock,rmaddock78@jigsy.com,Male,135.156.22.106
262,Toma,Shank,tshank79@quantcast.com,Female,212.68.143.156
263,Eldridge,Keilloh,ekeilloh7a@sciencedaily.com,Male,35.162.245.135
264,Garrott,Lacey,glacey7b@unc.edu,Genderfluid,83.15.202.148
265,Maurizia,Creser,mcreser7c@seattletimes.com,Female,76.191.197.79
266,Sylvan,Moncur,smoncur7d@histats.com,Male,42.207.69.183
267,Lyndel,Everitt,leveritt7e@xrea.com,Female,156.0.182.149
268,Katuscha,Clamo,kclamo7f@woothemes.com,Female,186.254.121.199
269,Brockie,Ryde,bryde7g@exblog.jp,Male,18.237.176.223
270,Worthington,Alastair,walastair7h@cbsnews.com,Male,88.70.9.217
271,Lauree,Ferreiro,lferreiro7i@so-net.ne.jp,Female,92.112.32.231
272,Freddy,Hinrichsen,fhinrichsen7j@lycos.com,Male,110.64.67.244
273,Halley,Ibell,hibell7k@quantcast.com,Female,56.76.218.92
274,Melvin,Blazeby,mblazeby7l@nba.com,Male,30.119.224.61
275,Ethelbert,Orrin,eorrin7m@hao123.com,Male,248.138.34.248
276,Rosabelle,Christoffels,rchristoffels7n@addtoany.com,Female,15.108.34.36
277,Zeke,Godwyn,zgodwyn7o@bluehost.com,Male,139.19.61.220
278,Kelli,McMichan,kmcmichan7p@pinterest.com,Female,212.89.102.35
279,Portie,Cressy,pcressy7q@java.com,Male,131.52.131.99
280,Sonia,Goatman,sgoatman7r@unesco.org,Female,181.99.250.134
281,Mollee,Vass,mvass7s@ca.gov,Female,166.206.125.38
282,Horten,Wonham,hwonham7t@amazonaws.com,Male,138.102.86.111
283,Valida,McAlinion,vmcalinion7u@fc2.com,Bigender,102.16.165.128
284,Trip,Goddman,tgoddman7v@oracle.com,Male,236.14.185.226
285,Gram,Drayn,gdrayn7w@behance.net,Male,99.156.161.171
286,Eartha,Bednall,ebednall7x@fda.gov,Female,189.152.69.63
287,Garv,Casbourne,gcasbourne7y@ustream.tv,Male,105.125.221.162
288,Cordi,Heggman,cheggman7z@wsj.com,Female,234.123.30.8
289,Kandy,McCarlich,kmccarlich80@infoseek.co.jp,Non-binary,14.20.71.170
290,Danika,Rudolfer,drudolfer81@uol.com.br,Female,174.136.87.210
291,Karin,Ebbles,kebbles82@friendfeed.com,Female,118.71.34.223
292,Selena,McIlrath,smcilrath83@mayoclinic.com,Female,33.254.52.44
293,Gar,Walford,gwalford84@phpbb.com,Male,104.94.69.126
294,Byran,Beedle,bbeedle85@timesonline.co.uk,Male,216.88.37.52
295,Ernie,Geikie,egeikie86@booking.com,Male,215.97.199.97
296,Burnaby,Coda,bcoda87@zimbio.com,Agender,219.38.160.110
297,Emmanuel,Tremellier,etremellier88@jugem.jp,Genderfluid,13.132.86.25
298,Biddie,O'Flaverty,boflaverty89@hud.gov,Female,46.70.127.243
299,Maximilian,Radmore,mradmore8a@xing.com,Male,242.170.236.237
300,Gradeigh,McCarle,gmccarle8b@google.co.uk,Male,67.62.180.242
301,Kiah,Weathey,kweathey8c@purevolume.com,Female,201.184.14.217
302,Jozef,Springham,jspringham8d@dailymail.co.uk,Male,185.210.69.159
303,Wynny,O'Hickey,wohickey8e@ucoz.ru,Female,225.28.100.97
304,Denys,Ellams,dellams8f@fotki.com,Male,131.246.176.39
305,Rorke,Spiby,rspiby8g@printfriendly.com,Male,227.117.217.241
306,Brianna,Standingford,bstandingford8h@mit.edu,Female,139.223.8.211
307,Shelagh,Cogar,scogar8i@nih.gov,Agender,239.186.248.23
308,Giovanni,Dealtry,gdealtry8j@dailymail.co.uk,Male,78.20.112.19
309,Peri,Dellar,pdellar8k@deliciousdays.com,Female,55.102.66.20
310,Nonnah,Vickar,nvickar8l@reverbnation.com,Female,160.139.160.172
311,Joelly,McQuorkell,jmcquorkell8m@etsy.com,Female,80.18.40.66
312,Keefer,Napper,knapper8n@live.com,Male,120.248.59.49
313,Rivy,Jakubczyk,rjakubczyk8o@newsvine.com,Female,210.240.84.168
314,Alis,Areles,aareles8p@theglobeandmail.com,Female,121.162.33.121
315,Florie,De Andisie,fdeandisie8q@ted.com,Female,115.97.13.208
316,Romy,Boissieux,rboissieux8r@usnews.com,Female,23.102.171.242
317,Annalee,Lebel,alebel8s@bloomberg.com,Female,251.89.125.140
318,Wells,Webburn,wwebburn8t@so-net.ne.jp,Male,79.210.152.49
319,Kendricks,Kaygill,kkaygill8u@wp.com,Male,141.245.43.2
320,Kaye,Itzhayek,kitzhayek8v@linkedin.com,Agender,120.217.153.255
321,Amelina,McCaskell,amccaskell8w@businesswire.com,Bigender,182.208.209.40
322,Raffaello,Hamflett,rhamflett8x@newsvine.com,Male,134.118.246.2
323,Sarina,McCallister,smccallister8y@behance.net,Female,141.40.99.165
324,Amber,Jendrusch,ajendrusch8z@unblog.fr,Female,186.135.77.111
325,Arlyne,Francesc,afrancesc90@wisc.edu,Bigender,74.231.154.218
326,Hirsch,Owbridge,howbridge91@walmart.com,Male,167.127.127.24
327,Shem,Gartell,sgartell92@sogou.com,Male,210.218.237.197
328,Rosella,Dwelly,rdwelly93@mit.edu,Female,252.201.165.137
329,Lisbeth,Fairy,lfairy94@accuweather.com,Female,151.102.21.44
330,Caresse,O'Docherty,codocherty95@theatlantic.com,Female,172.6.139.205
331,Benjie,Greasty,bgreasty96@cnbc.com,Male,157.99.237.199
332,Sadye,Dumper,sdumper97@goo.ne.jp,Female,86.251.192.92
333,Alvin,MacGillavery,amacgillavery98@comsenz.com,Male,140.194.175.184
334,Urbain,Bondy,ubondy99@gnu.org,Male,4.95.58.161
335,Pepita,Steuhlmeyer,psteuhlmeyer9a@sbwire.com,Female,222.132.11.62
336,Glennis,Denidge,gdenidge9b@oaic.gov.au,Female,136.181.116.31
337,Romona,Rozet,rrozet9c@joomla.org,Female,200.33.64.12
338,Stu,Teanby,steanby9d@yellowbook.com,Male,63.196.123.72
339,Roseanne,Mickleborough,rmickleborough9e@ow.ly,Non-binary,225.123.171.148
340,Thornie,Whife,twhife9f@sitemeter.com,Male,89.120.145.37
341,Dolley,McKeran,dmckeran9g@canalblog.com,Female,40.96.164.150
342,Caspar,Ivanchikov,civanchikov9h@storify.com,Male,118.147.52.65
343,Dee,Clyant,dclyant9i@arizona.edu,Female,192.231.207.236
344,Vanya,MacCathay,vmaccathay9j@sfgate.com,Male,12.83.255.132
345,Ivette,Gother,igother9k@prlog.org,Female,37.26.57.117
346,Jule,Whatham,jwhatham9l@newyorker.com,Male,193.133.75.8
347,Gayleen,Hostan,ghostan9m@answers.com,Bigender,148.130.127.173
348,Kristine,Pibworth,kpibworth9n@jigsy.com,Female,22.217.134.19
349,Brnaba,Juschka,bjuschka9o@cloudflare.com,Male,74.111.112.215
350,Far,Finlry,ffinlry9p@disqus.com,Male,124.202.115.128
351,Chrysler,Gubbins,cgubbins9q@moonfruit.com,Female,158.109.29.183
352,Jedidiah,O'Sirin,josirin9r@ftc.gov,Non-binary,114.69.10.70
353,Cesare,Sparham,csparham9s@dailymotion.com,Male,0.22.230.209
354,Pammi,Thirlwell,pthirlwell9t@ezinearticles.com,Female,35.153.48.155
355,Saw,Portress,sportress9u@shutterfly.com,Male,34.193.123.203
356,Eward,Wakeling,ewakeling9v@usa.gov,Male,159.214.31.101
357,Brandise,Blaver,bblaver9w@bbb.org,Female,202.165.98.5
358,Rafael,Craik,rcraik9x@instagram.com,Male,189.77.30.77
359,Vinita,Bouzek,vbouzek9y@icio.us,Female,222.131.6.180
360,Elisha,Standon,estandon9z@yellowbook.com,Female,15.186.209.199
361,Andrea,Newall,anewalla0@people.com.cn,Female,23.47.210.210
362,Christoph,Snodin,csnodina1@miibeian.gov.cn,Male,52.185.247.205
363,Kaspar,Glyssanne,kglyssannea2@biglobe.ne.jp,Male,179.61.227.194
364,Hiram,Houlaghan,hhoulaghana3@opensource.org,Male,0.9.96.7
365,Dan,Shevlane,dshevlanea4@blog.com,Male,244.26.84.6
366,Jeromy,Elvish,jelvisha5@squarespace.com,Male,227.160.119.90
367,Haven,Metson,hmetsona6@tumblr.com,Male,242.188.117.204
368,Delila,Calafato,dcalafatoa7@cdbaby.com,Female,218.207.152.47
369,Zebedee,Summerell,zsummerella8@princeton.edu,Male,92.69.67.167
370,Nissy,Dobbs,ndobbsa9@sbwire.com,Female,137.101.126.196
371,Paddie,Colleymore,pcolleymoreaa@blogtalkradio.com,Male,85.71.237.108
372,Westbrook,Ridhole,wridholeab@ihg.com,Male,225.118.205.60
373,Gusta,Sitford,gsitfordac@springer.com,Genderfluid,30.130.76.78
374,Annabella,McGrorty,amcgrortyad@domainmarket.com,Female,180.37.255.213
375,Evin,Locock,elocockae@pinterest.com,Male,68.179.118.98
376,Nydia,Veysey,nveyseyaf@ifeng.com,Agender,191.118.20.250
377,Janene,Lax,jlaxag@netvibes.com,Female,24.186.214.3
378,Natalee,Franzolini,nfranzoliniah@biglobe.ne.jp,Female,180.144.155.170
379,Darbie,Giraudat,dgiraudatai@digg.com,Female,44.252.155.40
380,Amity,Odell,aodellaj@devhub.com,Female,22.191.96.12
381,Noell,Twiddell,ntwiddellak@parallels.com,Non-binary,55.80.169.206
382,Conrade,Finders,cfindersal@microsoft.com,Male,179.146.151.139
383,Drud,Pawlicki,dpawlickiam@npr.org,Male,39.137.245.121
384,Will,Frodsam,wfrodsaman@ed.gov,Male,39.56.120.195
385,Alex,Andreucci,aandreucciao@dyndns.org,Female,164.189.215.128
386,Hughie,Tibbs,htibbsap@canalblog.com,Male,151.10.153.235
387,Egbert,Leversuch,eleversuchaq@reuters.com,Non-binary,236.5.84.91
388,Garrett,Dandie,gdandiear@un.org,Male,40.67.142.183
389,Jason,Gidney,jgidneyas@google.es,Male,96.43.73.79
390,Jeramie,McCorrie,jmccorrieat@github.com,Male,201.142.213.113
391,Ham,Librey,hlibreyau@technorati.com,Male,144.56.68.69
392,Shadow,Joplin,sjoplinav@wiley.com,Male,7.234.18.143
393,Connie,Kneeland,ckneelandaw@msn.com,Male,199.22.54.31
394,Magdalen,Harlow,mharlowax@list-manage.com,Female,183.89.225.243
395,Nicki,Balding,nbaldingay@cafepress.com,Female,227.204.171.218
396,Mercie,Zum Felde,mzumfeldeaz@ihg.com,Female,89.222.120.121
397,Jud,Brawley,jbrawleyb0@discovery.com,Male,115.192.126.12
398,Raul,Kirkpatrick,rkirkpatrickb1@npr.org,Male,76.132.184.157
399,Garey,Cowser,gcowserb2@github.com,Male,251.148.172.67
400,Priscilla,Adamovsky,padamovskyb3@bing.com,Female,25.60.53.68
401,Heath,Ondrusek,hondrusekb4@163.com,Female,185.48.77.68
402,Kingsley,Demcik,kdemcikb5@mozilla.org,Male,117.41.6.0
403,Pacorro,Whyborne,pwhyborneb6@skype.com,Male,180.111.206.73
404,Melodee,Giannoni,mgiannonib7@google.ru,Female,6.18.209.2
405,Izabel,Donke,idonkeb8@alexa.com,Female,34.131.17.121
406,Brooks,Powter,bpowterb9@weibo.com,Male,217.57.48.14
407,Yuri,Fontelles,yfontellesba@fema.gov,Male,124.230.94.179
408,Wakefield,Rontsch,wrontschbb@webnode.com,Male,204.16.82.161
409,Barbee,Battie,bbattiebc@adobe.com,Female,74.88.68.184
410,Alfy,Goodbairn,agoodbairnbd@cargocollective.com,Female,75.234.2.167
411,Roana,Treby,rtrebybe@nifty.com,Female,87.171.218.89
412,Thaine,Rimbault,trimbaultbf@cam.ac.uk,Male,177.86.253.74
413,Sallie,Oldale,soldalebg@newsvine.com,Female,181.101.215.95
414,Bentlee,Blanpein,bblanpeinbh@jigsy.com,Male,133.21.176.124
415,Thornton,Kinch,tkinchbi@jalbum.net,Polygender,63.74.9.239
416,Torey,Wapol,twapolbj@wikimedia.org,Male,55.189.242.146
417,Coriss,Segebrecht,csegebrechtbk@wordpress.org,Female,23.137.218.25
418,Larry,Curnick,lcurnickbl@dailymotion.com,Male,44.19.218.136
419,Briggs,Drogan,bdroganbm@networksolutions.com,Male,29.219.99.159
420,Shawn,Bathurst,sbathurstbn@tinypic.com,Female,13.118.252.200
421,Carter,Baughen,cbaughenbo@wired.com,Male,154.227.178.219
422,Shaun,Windle,swindlebp@mapy.cz,Female,56.150.212.128
423,Sonny,Newson,snewsonbq@accuweather.com,Female,9.73.215.77
424,Alon,Simoens,asimoensbr@nydailynews.com,Male,78.232.238.13
425,Egbert,Hawtry,ehawtrybs@japanpost.jp,Male,185.114.137.26
426,Flint,Leneve,flenevebt@ehow.com,Male,186.177.43.42
427,Matthew,McNeilley,mmcneilleybu@senate.gov,Male,231.201.76.194
428,Walther,Kretchmer,wkretchmerbv@infoseek.co.jp,Male,174.114.245.199
429,Jeremie,Rickerby,jrickerbybw@bbc.co.uk,Male,64.118.157.191
430,Vlad,Halpine,vhalpinebx@samsung.com,Male,72.144.181.125
431,Maximilien,Punton,mpuntonby@adobe.com,Male,67.72.189.151
432,Mead,Shuttell,mshuttellbz@forbes.com,Male,204.73.152.181
433,Tom,Denley,tdenleyc0@arstechnica.com,Male,55.83.45.165
434,Cheston,Wemes,cwemesc1@last.fm,Male,25.74.56.1
435,Suzi,Speck,sspeckc2@usgs.gov,Female,8.98.94.75
436,Ortensia,Flucker,ofluckerc3@foxnews.com,Female,194.57.113.43
437,Carroll,Manifould,cmanifouldc4@ustream.tv,Female,245.124.186.170
438,Maurie,Storre,mstorrec5@friendfeed.com,Male,212.132.197.199
439,Daphene,Fraschini,dfraschinic6@nsw.gov.au,Female,106.63.171.87
440,Milli,Tattersill,mtattersillc7@gov.uk,Female,91.91.95.132
441,Anthea,Kilfeather,akilfeatherc8@over-blog.com,Female,70.137.120.228
442,Colette,Reace,creacec9@sohu.com,Genderfluid,176.53.116.60
443,Beck,Bryning,bbryningca@w3.org,Male,178.240.37.183
444,Lillis,Lunam,llunamcb@techcrunch.com,Female,218.252.101.52
445,Rafaelia,Darnborough,rdarnboroughcc@weather.com,Female,71.126.16.216
446,Stevy,Dowse,sdowsecd@delicious.com,Male,91.181.80.18
447,Darnall,Clynter,dclynterce@blog.com,Male,179.231.121.113
448,Tobin,Damiral,tdamiralcf@ezinearticles.com,Agender,19.159.190.162
449,Janifer,Matas,jmatascg@chronoengine.com,Female,119.33.201.240
450,Cointon,Jirusek,cjirusekch@google.cn,Male,80.244.120.196
451,Jonell,Branchflower,jbranchflowerci@dagondesign.com,Female,211.204.36.158
452,Arturo,Kearns,akearnscj@eventbrite.com,Male,100.144.83.118
453,Deane,Offill,doffillck@fastcompany.com,Male,9.128.126.198
454,Antonino,Buscher,abuschercl@quantcast.com,Male,235.229.205.240
455,Zane,Dielhenn,zdielhenncm@blog.com,Male,5.145.158.238
456,Xaviera,Scupham,xscuphamcn@phoca.cz,Female,21.38.133.83
457,Dorie,Rawlence,drawlenceco@so-net.ne.jp,Male,217.31.32.9
458,Bevon,Haggart,bhaggartcp@google.ca,Male,14.98.204.251
459,Ninnetta,Dumbelton,ndumbeltoncq@ifeng.com,Female,168.38.187.72
460,Eunice,O'Crowley,eocrowleycr@umn.edu,Agender,122.230.173.169
461,Daryl,Osgarby,dosgarbycs@virginia.edu,Female,18.165.116.96
462,Berkly,Christofe,bchristofect@diigo.com,Male,110.126.115.242
463,Vachel,Stanners,vstannerscu@apple.com,Male,116.79.201.38
464,Tammie,Macvain,tmacvaincv@bbc.co.uk,Female,188.62.122.40
465,Lilia,Sutherden,lsutherdencw@domainmarket.com,Female,199.255.40.150
466,Clarke,Scoffins,cscoffinscx@marketwatch.com,Male,128.66.43.86
467,Chere,Bycraft,cbycraftcy@census.gov,Female,39.142.94.31
468,Nicky,Genney,ngenneycz@live.com,Female,75.138.136.60
469,Liam,de la Valette Parisot,ldelavaletteparisotd0@fotki.com,Male,18.160.36.42
470,Hodge,Gheorghescu,hgheorghescud1@cam.ac.uk,Male,152.215.214.64
471,Wye,Blampied,wblampiedd2@va.gov,Male,141.115.130.242
472,Orren,Tringham,otringhamd3@rediff.com,Male,222.146.47.30
473,Nathanael,Graalmans,ngraalmansd4@1688.com,Male,73.24.85.190
474,Thorstein,Roddam,troddamd5@icq.com,Male,180.203.94.139
475,Brittan,Bascombe,bbascombed6@histats.com,Female,252.41.221.67
476,Rickert,Pashenkov,rpashenkovd7@symantec.com,Polygender,20.34.44.115
477,Saul,Ickovici,sickovicid8@marriott.com,Male,145.30.135.196
478,Isidoro,Iacomo,iiacomod9@tumblr.com,Male,52.141.97.239
479,Ellette,Crisford,ecrisfordda@cnbc.com,Female,114.219.69.246
480,Coriss,Cowdroy,ccowdroydb@skyrock.com,Female,116.121.11.112
481,Agnola,Hassen,ahassendc@fastcompany.com,Female,193.122.16.135
482,Aime,Anster,aansterdd@domainmarket.com,Female,114.231.59.154
483,Gaile,Bayford,gbayfordde@mapquest.com,Male,223.140.254.223
484,Edd,Barajaz,ebarajazdf@cbc.ca,Male,176.20.205.108
485,Granville,Riglesford,griglesforddg@usa.gov,Male,90.243.220.143
486,Cyrus,Orum,corumdh@soundcloud.com,Male,216.14.187.147
487,Ivy,Paynes,ipaynesdi@sina.com.cn,Female,74.113.191.104
488,Craggie,Gilyott,cgilyottdj@themeforest.net,Male,119.19.196.187
489,Regan,Bertelmot,rbertelmotdk@mlb.com,Female,59.246.230.28
490,Basil,Pecht,bpechtdl@tinyurl.com,Male,244.203.219.146
491,Devin,Sanson,dsansondm@weibo.com,Female,191.184.10.119
492,Harriette,Wainman,hwainmandn@newsvine.com,Female,126.107.12.2
493,Cosme,Bambury,cbamburydo@ezinearticles.com,Male,94.96.84.214
494,Orson,Paler,opalerdp@liveinternet.ru,Male,159.45.66.83
495,Opaline,Hindenburg,ohindenburgdq@theguardian.com,Female,135.166.42.218
496,Michelina,Bartolomucci,mbartolomuccidr@nasa.gov,Female,9.179.95.110
497,Adan,Sloey,asloeyds@theglobeandmail.com,Polygender,229.198.106.126
498,Sianna,Wagon,swagondt@eepurl.com,Agender,8.199.180.140
499,Red,Canete,rcanetedu@miitbeian.gov.cn,Male,150.234.187.32
500,Wainwright,Mcimmie,wmcimmiedv@answers.com,Male,93.113.192.220
501,Lolly,Longfellow,llongfellowdw@arstechnica.com,Female,81.146.45.220
502,Lexine,Cargill,lcargilldx@comcast.net,Female,100.180.44.123
503,Artemus,Favey,afaveydy@51.la,Male,86.145.29.143
504,Nealon,Colbourn,ncolbourndz@mozilla.com,Male,102.218.164.140
505,Reynard,Northill,rnorthille0@vimeo.com,Male,162.35.130.240
506,Lynne,Soppitt,lsoppitte1@tuttocitta.it,Female,105.159.51.68
507,Zabrina,Simeon,zsimeone2@jigsy.com,Female,43.70.164.236
508,Bobbe,Oxnam,boxname3@unicef.org,Female,234.84.17.239
509,Bron,Baistow,bbaistowe4@bloglines.com,Male,41.27.89.238
510,Illa,O'Roan,ioroane5@upenn.edu,Female,212.10.4.73
511,Anatole,Simondson,asimondsone6@last.fm,Male,100.29.26.15
512,Antonio,Bradbeer,abradbeere7@usatoday.com,Male,242.79.39.152
513,Ariela,Thirlwell,athirlwelle8@multiply.com,Female,87.132.201.228
514,Hewie,Trood,htroode9@wunderground.com,Male,222.79.47.145
515,Adeline,Colt,acoltea@reuters.com,Genderqueer,40.65.69.219
516,Zora,Bleakley,zbleakleyeb@blogspot.com,Female,148.255.254.201
517,Burt,Bloxsom,bbloxsomec@vk.com,Male,170.199.9.111
518,Rusty,Rous,rroused@mapquest.com,Non-binary,199.53.130.48
519,Rey,Jewess,rjewessee@paypal.com,Male,178.255.64.137
520,Carmelle,Pinkard,cpinkardef@reverbnation.com,Female,190.89.209.194
521,Levin,Mablestone,lmablestoneeg@w3.org,Male,188.82.84.204
522,Kris,Fitzroy,kfitzroyeh@auda.org.au,Male,172.144.69.64
523,Chester,Ballantine,cballantineei@aboutads.info,Male,77.73.166.69
524,Barnebas,Apark,baparkej@youtube.com,Male,15.194.132.160
525,Gwenni,Rasmus,grasmusek@symantec.com,Female,212.19.143.59
526,Elwin,Forkan,eforkanel@printfriendly.com,Male,245.44.47.5
527,Giraldo,Awdry,gawdryem@macromedia.com,Male,12.22.227.53
528,Ellette,Flook,eflooken@alibaba.com,Female,60.208.131.15
529,Linzy,Castilla,lcastillaeo@comsenz.com,Female,63.250.240.143
530,Des,Bollen,dbollenep@dion.ne.jp,Male,24.175.197.197
531,Dino,Iacoviello,diacovielloeq@tripadvisor.com,Genderqueer,212.39.194.232
532,Myrtle,Croke,mcrokeer@hhs.gov,Polygender,125.166.223.226
533,Felice,Adrian,fadrianes@deviantart.com,Male,230.241.146.251
534,Reinaldo,Ofer,roferet@dailymail.co.uk,Male,113.162.82.240
535,Adey,Fansy,afansyeu@craigslist.org,Female,159.30.103.139
536,Ferrel,Shurrock,fshurrockev@hhs.gov,Genderfluid,233.169.143.211
537,Boniface,Van T'Hoog,bvanthoogew@hibu.com,Male,53.123.140.195
538,Ajay,Caldwell,acaldwellex@blogger.com,Female,47.234.177.73
539,Rhetta,Laffling,rlafflingey@acquirethisname.com,Female,244.242.127.124
540,Patricia,Bearns,pbearnsez@statcounter.com,Female,92.69.1.238
541,Starlene,Inchboard,sinchboardf0@csmonitor.com,Female,149.206.26.172
542,Heath,Studart,hstudartf1@deviantart.com,Female,72.70.20.166
543,Odelle,Swayland,oswaylandf2@indiatimes.com,Female,106.150.145.24
544,Mel,Amis,mamisf3@goo.ne.jp,Male,1.53.90.43
545,Emanuel,Peat,epeatf4@cargocollective.com,Male,241.150.191.157
546,Bo,Curd,bcurdf5@techcrunch.com,Male,133.205.174.32
547,Minor,Sedgeworth,msedgeworthf6@typepad.com,Bigender,192.176.186.91
548,Dru,Solly,dsollyf7@spiegel.de,Bigender,245.105.68.225
549,Diarmid,Neno,dnenof8@studiopress.com,Male,124.49.62.51
550,Shari,Jickles,sjicklesf9@redcross.org,Female,64.157.197.221
551,Hatty,Kingsnode,hkingsnodefa@ox.ac.uk,Female,34.29.230.120
552,Amerigo,Bazek,abazekfb@addthis.com,Male,71.2.192.224
553,Nessy,Oldnall,noldnallfc@columbia.edu,Female,204.131.50.45
554,Dayle,Sibbit,dsibbitfd@apache.org,Female,238.11.159.109
555,Glad,Wanell,gwanellfe@163.com,Female,196.44.194.4
556,Derril,Richens,drichensff@vistaprint.com,Male,44.200.55.37
557,Em,Giffon,egiffonfg@economist.com,Agender,14.90.47.227
558,Doralynne,Duke,ddukefh@typepad.com,Female,42.113.143.122
559,Austine,Inkpin,ainkpinfi@ibm.com,Female,112.51.192.91
560,Jami,Callaghan,jcallaghanfj@deliciousdays.com,Female,27.94.239.66
561,Nert,Pocklington,npocklingtonfk@netscape.com,Non-binary,26.9.55.152
562,Ofelia,Lygoe,olygoefl@fotki.com,Female,55.175.26.109
563,Kendricks,Meys,kmeysfm@go.com,Male,120.253.109.232
564,Carolan,Heineking,cheinekingfn@springer.com,Female,23.3.237.218
565,Egor,Volker,evolkerfo@pbs.org,Male,179.1.153.9
566,Eyde,Tenman,etenmanfp@craigslist.org,Female,125.112.163.199
567,Wallie,Laskey,wlaskeyfq@slate.com,Male,169.63.244.169
568,Geneva,Stert,gstertfr@sogou.com,Female,146.176.216.50
569,Cyrus,Youhill,cyouhillfs@abc.net.au,Male,250.57.11.69
570,Leisha,Keble,lkebleft@archive.org,Female,159.206.170.148
571,Trevor,Dedmam,tdedmamfu@vistaprint.com,Male,221.35.176.200
572,Timothea,Malitrott,tmalitrottfv@economist.com,Female,143.170.92.225
573,Rriocard,Stotherfield,rstotherfieldfw@clickbank.net,Male,134.35.166.173
574,Niko,Wyett,nwyettfx@skype.com,Male,239.144.182.31
575,Devlin,Godden,dgoddenfy@springer.com,Male,88.108.143.102
576,Viola,Ibarra,vibarrafz@dell.com,Female,203.6.231.144
577,Serena,Ricciardiello,sricciardiellog0@netvibes.com,Female,184.176.62.78
578,Wilie,Ridgers,wridgersg1@jimdo.com,Female,213.58.68.74
579,Reinaldo,Moreno,rmorenog2@bizjournals.com,Male,158.123.251.136
580,Angus,Smaile,asmaileg3@microsoft.com,Male,21.1.112.128
581,Vaclav,Toll,vtollg4@uol.com.br,Male,63.159.181.174
582,Virginia,Dumbrill,vdumbrillg5@npr.org,Female,14.145.216.47
583,Siusan,Merkel,smerkelg6@sbwire.com,Female,67.169.81.124
584,Cristionna,Jellard,cjellardg7@senate.gov,Female,24.176.59.43
585,Marmaduke,Presslie,mpresslieg8@1688.com,Bigender,211.42.183.186
586,Lauri,Branton,lbrantong9@storify.com,Female,121.106.94.176
587,Allard,McGrouther,amcgroutherga@house.gov,Male,165.114.25.92
588,Sinclare,Galbraeth,sgalbraethgb@bravesites.com,Male,87.13.75.132
589,Ezequiel,Chadney,echadneygc@sina.com.cn,Male,32.12.241.255
590,Tanney,Sapson,tsapsongd@youtube.com,Male,235.111.233.171
591,Alfy,Suff,asuffge@icq.com,Female,162.147.51.233
592,Sibella,Eaton,seatongf@adobe.com,Female,50.221.113.120
593,Clare,Devenport,cdevenportgg@tuttocitta.it,Non-binary,176.56.109.233
594,Matthias,Whitcombe,mwhitcombegh@google.com.br,Male,191.188.171.71
595,Candida,Langhorne,clanghornegi@360.cn,Female,210.100.13.184
596,Martita,Slyne,mslynegj@samsung.com,Female,205.175.135.20
597,Fairfax,Bartomeu,fbartomeugk@cam.ac.uk,Male,46.182.45.179
598,Issi,Muffett,imuffettgl@prnewswire.com,Female,142.70.113.178
599,Jacinda,Mingotti,jmingottigm@hud.gov,Female,50.8.164.95
600,Gael,Cheverton,gchevertongn@usa.gov,Agender,195.147.228.86
601,Vivyan,Sullly,vsulllygo@imgur.com,Female,220.114.25.209
602,Con,Sutcliffe,csutcliffegp@discovery.com,Male,54.150.252.19
603,Trix,Clewlowe,tclewlowegq@answers.com,Female,215.203.179.184
604,Corly,Jaumet,cjaumetgr@360.cn,Female,119.50.37.58
605,Damien,Lambell,dlambellgs@google.it,Genderqueer,92.187.104.96
606,Meggi,Halfhead,mhalfheadgt@nsw.gov.au,Bigender,196.177.84.61
607,Berty,Roughley,broughleygu@vinaora.com,Female,70.233.180.107
608,Roddie,Bassick,rbassickgv@icq.com,Male,111.61.158.179
609,Francklyn,Dawkes,fdawkesgw@wufoo.com,Male,215.122.171.219
610,Kelbee,Mulvin,kmulvingx@imdb.com,Male,170.208.87.82
611,Bjorn,Poulson,bpoulsongy@nps.gov,Male,59.231.32.241
612,Rosabelle,Fearfull,rfearfullgz@umn.edu,Female,54.36.88.139
613,Franny,Kearle,fkearleh0@apple.com,Male,70.84.53.54
614,Anneliese,Robertsen,arobertsenh1@diigo.com,Female,252.227.48.61
615,Editha,Kubec,ekubech2@paginegialle.it,Female,134.108.243.122
616,Ciro,Pritty,cprittyh3@tinypic.com,Male,124.62.33.9
617,Tatiana,Lory,tloryh4@furl.net,Female,80.158.128.68
618,Clywd,Danell,cdanellh5@hibu.com,Male,212.87.187.145
619,Ryun,Glaum,rglaumh6@devhub.com,Polygender,18.0.79.94
620,Kathi,Flaws,kflawsh7@japanpost.jp,Female,254.109.176.140
621,Barnabas,Alleway,ballewayh8@wikipedia.org,Male,6.156.61.2
622,Shandeigh,Skotcher,sskotcherh9@apache.org,Female,29.46.34.79
623,Brady,Baggally,bbaggallyha@goodreads.com,Male,208.161.3.52
624,Roman,Lodden,rloddenhb@biblegateway.com,Male,210.190.200.188
625,Helaine,Beecheno,hbeechenohc@uiuc.edu,Female,221.104.60.93
626,Minetta,Gritsaev,mgritsaevhd@theguardian.com,Female,74.139.222.233
627,Dulcine,Lippett,dlippetthe@archive.org,Female,245.90.113.220
628,Ferdinand,Lezemore,flezemorehf@cnet.com,Genderfluid,78.55.95.135
629,Maridel,Lere,mlerehg@addtoany.com,Female,91.205.107.142
630,Cointon,Sherewood,csherewoodhh@msu.edu,Polygender,255.176.8.72
631,Edd,Olohan,eolohanhi@soup.io,Male,33.80.126.44
632,Kerrie,Brosio,kbrosiohj@naver.com,Female,24.238.29.41
633,Ashley,Scotchmer,ascotchmerhk@hc360.com,Female,225.223.142.186
634,Livvyy,Pashbee,lpashbeehl@spiegel.de,Female,202.200.133.25
635,Christyna,Brightie,cbrightiehm@nydailynews.com,Female,241.247.159.49
636,Alix,Bowsher,abowsherhn@nhs.uk,Male,207.12.243.21
637,Gustav,Dimmer,gdimmerho@1688.com,Male,206.161.41.62
638,Giordano,Mingame,gmingamehp@tinyurl.com,Male,160.36.137.184
639,Menard,Picford,mpicfordhq@over-blog.com,Male,105.248.186.119
640,Redd,Catlow,rcatlowhr@purevolume.com,Male,178.255.77.15
641,Marshall,Rubartelli,mrubartellihs@baidu.com,Male,144.56.197.91
642,Steffi,Stowell,sstowellht@youku.com,Female,206.227.184.53
643,Brook,Laite,blaitehu@shop-pro.jp,Female,153.129.114.141
644,Evonne,Hawket,ehawkethv@seattletimes.com,Non-binary,166.13.170.225
645,Lotta,Artz,lartzhw@home.pl,Female,254.116.75.118
646,Vally,Binford,vbinfordhx@intel.com,Female,165.104.201.120
647,Alphonso,Ritchard,aritchardhy@house.gov,Male,138.149.61.132
648,Anallese,Reedman,areedmanhz@census.gov,Female,91.216.199.200
649,Harold,Stivey,hstiveyi0@examiner.com,Male,242.101.63.26
650,Gwenneth,O'Deegan,godeegani1@naver.com,Female,45.196.73.147
651,Ulrica,Wallen,uwalleni2@exblog.jp,Female,173.26.231.191
652,Codie,Gland,cglandi3@reddit.com,Male,37.4.219.107
653,Ange,Barenskie,abarenskiei4@admin.ch,Female,108.135.101.119
654,Devin,Wellbelove,dwellbelovei5@craigslist.org,Male,158.229.68.205
655,Zacherie,Mahaffey,zmahaffeyi6@dropbox.com,Male,141.82.38.182
656,Nevins,Dunlap,ndunlapi7@cyberchimps.com,Male,122.228.35.6
657,Maryjane,Denys,mdenysi8@wunderground.com,Female,10.79.23.239
658,Vito,Izzett,vizzetti9@redcross.org,Male,211.169.173.240
659,Friedrich,Sheriff,fsheriffia@noaa.gov,Male,88.151.95.120
660,Rayshell,Bendin,rbendinib@biglobe.ne.jp,Female,236.212.174.203
661,Elizabet,Gyford,egyfordic@cbslocal.com,Female,168.184.253.53
662,Derk,Devitt,ddevittid@ibm.com,Male,192.131.177.194
663,Faun,Midlane,fmidlaneie@issuu.com,Female,214.191.61.136
664,Ely,Ricardo,ericardoif@hostgator.com,Male,79.22.30.9
665,Pete,Cockshot,pcockshotig@ifeng.com,Male,47.251.219.78
666,Kermie,Andrini,kandriniih@is.gd,Non-binary,140.199.179.199
667,Tore,Cradduck,tcradduckii@state.tx.us,Male,123.166.225.33
668,Dode,Moyler,dmoylerij@php.net,Female,84.2.3.221
669,Pepillo,Fine,pfineik@bluehost.com,Male,217.115.71.170
670,Arlin,Knightsbridge,aknightsbridgeil@slideshare.net,Male,172.176.13.63
671,Darrel,Currao,dcurraoim@pcworld.com,Male,56.75.16.44
672,Etienne,MacKibbon,emackibbonin@people.com.cn,Male,27.88.226.81
673,Garret,MacArdle,gmacardleio@phpbb.com,Non-binary,188.174.70.162
674,Pierce,McDugal,pmcdugalip@w3.org,Male,142.62.34.248
675,Erminie,Keppin,ekeppiniq@hubpages.com,Female,221.116.181.76
676,Bink,Storry,bstorryir@nymag.com,Male,37.73.243.188
677,Michaelina,Elmhurst,melmhurstis@webs.com,Female,219.225.160.92
678,Arnaldo,Bulstrode,abulstrodeit@barnesandnoble.com,Male,103.191.206.102
679,Douglas,Dopson,ddopsoniu@hatena.ne.jp,Male,142.208.46.6
680,Gran,Pregal,gpregaliv@webeden.co.uk,Male,150.65.125.98
681,Connie,Van den Hof,cvandenhofiw@mit.edu,Male,45.201.148.189
682,Lorri,Storks,lstorksix@taobao.com,Female,254.119.74.124
683,Hew,Adds,haddsiy@mtv.com,Male,51.111.164.137
684,Zorina,Cottis,zcottisiz@lulu.com,Female,246.2.154.54
685,Callie,Dimnage,cdimnagej0@netscape.com,Female,135.182.186.25
686,Celestina,Hamlin,chamlinj1@fc2.com,Female,3.100.184.12
687,Barbee,Gobolos,bgobolosj2@xrea.com,Female,93.140.140.174
688,Larry,Trippack,ltrippackj3@dedecms.com,Male,208.3.21.98
689,Thorin,Pyer,tpyerj4@jiathis.com,Male,54.94.82.220
690,Hirsch,Salmen,hsalmenj5@stumbleupon.com,Male,251.126.52.49
691,Pattin,Tutchener,ptutchenerj6@google.nl,Male,233.70.32.185
692,Merwin,Scopyn,mscopynj7@yahoo.com,Male,202.9.222.104
693,Shelley,McCheyne,smccheynej8@marketwatch.com,Female,157.211.196.53
694,Brew,Danigel,bdanigelj9@constantcontact.com,Male,253.180.237.237
695,Casie,Ivantsov,civantsovja@buzzfeed.com,Female,61.98.13.1
696,Cindra,Boseley,cboseleyjb@craigslist.org,Female,106.114.134.123
697,Jeffry,Kinlock,jkinlockjc@wordpress.com,Non-binary,35.212.169.99
698,Yance,Olfert,yolfertjd@patch.com,Male,32.160.11.180
699,Hall,Pablos,hpablosje@ftc.gov,Male,85.112.88.96
700,Joli,Strooband,jstroobandjf@prnewswire.com,Female,6.233.100.127
701,Christoper,Gerrard,cgerrardjg@squarespace.com,Male,249.233.80.196
702,Georgianne,Mityushkin,gmityushkinjh@goodreads.com,Female,104.73.160.209
703,Ariella,Zecchinii,azecchiniiji@biglobe.ne.jp,Female,253.18.13.88
704,Ernesto,Larvor,elarvorjj@dailymail.co.uk,Male,74.216.153.208
705,Chrysler,Hearl,chearljk@ucoz.com,Female,195.132.180.244
706,Hewie,Mityakov,hmityakovjl@redcross.org,Male,67.180.196.232
707,Feodor,Wareham,fwarehamjm@wufoo.com,Male,200.255.6.159
708,Sonja,Greenwood,sgreenwoodjn@e-recht24.de,Female,67.52.105.103
709,Quillan,Polsin,qpolsinjo@geocities.jp,Male,193.201.36.27
710,Rebecca,Hafford,rhaffordjp@prweb.com,Female,189.2.215.241
711,Jere,Ottosen,jottosenjq@dailymotion.com,Male,204.129.182.220
712,Vicky,Kieran,vkieranjr@free.fr,Female,171.84.124.72
713,Benny,Grube,bgrubejs@pen.io,Male,144.221.220.27
714,Junina,Craine,jcrainejt@yahoo.co.jp,Female,235.234.146.192
715,Johnathan,Penquet,jpenquetju@diigo.com,Male,53.214.43.106
716,D'arcy,Dowsett,ddowsettjv@feedburner.com,Male,172.142.156.188
717,Andris,Bebis,abebisjw@bbb.org,Polygender,189.235.213.218
718,Dyanne,Richten,drichtenjx@technorati.com,Genderfluid,27.77.103.223
719,Enid,Ceschelli,eceschellijy@nba.com,Polygender,21.57.118.241
720,Gwynne,Esplin,gesplinjz@facebook.com,Female,243.27.155.239
721,Enrico,Butt,ebuttk0@arizona.edu,Male,24.44.235.239
722,Tito,Arnoldi,tarnoldik1@geocities.com,Non-binary,236.43.67.90
723,Carma,Williscroft,cwilliscroftk2@webmd.com,Female,51.111.1.33
724,Simonette,Van Oort,svanoortk3@cmu.edu,Female,7.201.71.73
725,Jennee,Gaffon,jgaffonk4@alexa.com,Bigender,243.112.172.73
726,Brett,La Batie,blabatiek5@technorati.com,Female,238.16.135.196
727,Smith,Fransman,sfransmank6@live.com,Male,116.76.246.143
728,Fanya,Vanyashkin,fvanyashkink7@addtoany.com,Agender,65.155.54.121
729,Emilio,Hayman,ehaymank8@ucoz.ru,Male,94.102.13.48
730,Conroy,Alwen,calwenk9@cargocollective.com,Male,222.81.13.103
731,Federica,Mortell,fmortellka@bing.com,Female,231.8.151.74
732,Alexandr,Shiel,ashielkb@ucsd.edu,Male,248.139.206.154
733,Matti,True,mtruekc@dagondesign.com,Female,17.136.171.115
734,Peder,Crankhorn,pcrankhornkd@instagram.com,Bigender,138.241.193.226
735,Bibby,Body,bbodyke@rambler.ru,Female,136.204.20.72
736,Ambrosio,Robertucci,arobertuccikf@scribd.com,Male,253.182.21.253
737,Rosabella,Monan,rmonankg@liveinternet.ru,Female,38.73.45.158
738,Sigfrid,Trethowan,strethowankh@usatoday.com,Male,246.64.174.71
739,Sibylle,Lacotte,slacotteki@ebay.com,Female,199.219.190.253
740,Deloris,Barwood,dbarwoodkj@myspace.com,Female,165.137.239.206
741,Jaquenetta,Thornton,jthorntonkk@over-blog.com,Female,58.103.53.82
742,Donal,Ragot,dragotkl@liveinternet.ru,Male,73.133.50.215
743,Chantal,Crysell,ccrysellkm@w3.org,Polygender,194.95.65.110
744,Geraldine,Pulbrook,gpulbrookkn@slideshare.net,Female,205.210.175.92
745,Sophey,Fransman,sfransmanko@mail.ru,Female,58.103.242.158
746,Emmalynne,Donovin,edonovinkp@skype.com,Polygender,159.100.33.189
747,Jacky,Mackleden,jmackledenkq@trellian.com,Male,97.132.138.185
748,Lorne,Poston,lpostonkr@purevolume.com,Male,250.154.0.94
749,Kelly,Yoakley,kyoakleyks@geocities.com,Male,196.245.17.166
750,Whitney,Melbourn,wmelbournkt@washingtonpost.com,Female,200.92.27.244
751,Stevie,Cozens,scozensku@wiley.com,Male,167.10.118.6
752,Gabriellia,Weine,gweinekv@marketwatch.com,Female,163.34.216.172
753,Bamby,Tansley,btansleykw@tripadvisor.com,Female,83.249.222.8
754,Izzy,Turri,iturrikx@yolasite.com,Male,119.191.13.84
755,Katha,Dummett,kdummettky@example.com,Female,227.237.112.167
756,Chas,Posnette,cposnettekz@webeden.co.uk,Male,216.140.169.202
757,Andee,Ritchley,aritchleyl0@dailymail.co.uk,Female,62.79.30.99
758,Emmalyn,Maltman,emaltmanl1@free.fr,Female,128.117.39.98
759,Freedman,Wilmington,fwilmingtonl2@bizjournals.com,Male,30.61.57.248
760,Cicely,Avraam,cavraaml3@pen.io,Female,231.0.192.88
761,Pearl,Tales,ptalesl4@list-manage.com,Female,43.133.72.202
762,Pen,Sigge,psiggel5@hc360.com,Male,199.245.172.40
763,Adelind,Winsor,awinsorl6@angelfire.com,Female,160.75.30.102
764,Lizbeth,Leathes,lleathesl7@cyberchimps.com,Female,153.205.60.243
765,Marleah,Keningham,mkeninghaml8@noaa.gov,Female,51.128.122.248
766,Deeanne,Jarmaine,djarmainel9@amazon.com,Female,66.59.247.106
767,Carlos,Minihane,cminihanela@pbs.org,Male,240.210.236.58
768,Levy,Syder,lsyderlb@naver.com,Male,26.24.20.154
769,Early,Melchior,emelchiorlc@mozilla.com,Male,186.51.113.52
770,Friedrick,Aucourte,faucourteld@msu.edu,Male,255.211.82.79
771,Linoel,Brewster,lbrewsterle@nasa.gov,Male,233.149.43.106
772,Brande,Pritchett,bpritchettlf@comcast.net,Female,7.131.94.133
773,Aryn,MacCaffrey,amaccaffreylg@hatena.ne.jp,Female,132.21.193.191
774,Griffith,Ornillos,gornilloslh@amazon.de,Male,238.120.116.233
775,Christoper,O'Fergus,cofergusli@gravatar.com,Male,38.231.217.242
776,Quincey,Rue,qruelj@gmpg.org,Male,163.187.230.141
777,Alfreda,Davidek,adavideklk@ycombinator.com,Female,225.172.39.7
778,Amaleta,Richford,arichfordll@wikimedia.org,Female,187.174.162.72
779,Siffre,Tester,stesterlm@twitpic.com,Male,100.32.25.104
780,Kele,Belward,kbelwardln@php.net,Male,207.10.214.38
781,Celina,Greenier,cgreenierlo@ted.com,Female,9.191.97.188
782,Raffarty,Oliveti,rolivetilp@un.org,Male,13.233.129.67
783,Berti,Jellybrand,bjellybrandlq@princeton.edu,Male,11.141.188.116
784,Allyce,Honack,ahonacklr@arstechnica.com,Female,43.135.133.251
785,Clarinda,Dugall,cdugallls@alibaba.com,Female,165.30.39.74
786,Sloan,Hinstock,shinstocklt@jalbum.net,Male,110.120.127.119
787,Annabella,Boxall,aboxalllu@uol.com.br,Female,201.229.25.56
788,Rosalie,Summerbell,rsummerbelllv@ox.ac.uk,Female,82.118.88.168
789,Venita,Gwyn,vgwynlw@usatoday.com,Female,240.136.234.48
790,Cecilio,Fishlock,cfishlocklx@oracle.com,Male,64.179.50.92
791,Cal,Lethbridge,clethbridgely@prnewswire.com,Genderfluid,180.0.162.239
792,Alyson,Pantone,apantonelz@liveinternet.ru,Female,236.188.242.177
793,Erik,Rolfe,erolfem0@photobucket.com,Male,7.115.255.166
794,Gabe,Rothery,grotherym1@plala.or.jp,Male,3.138.131.212
795,Granville,Wase,gwasem2@oakley.com,Male,72.136.132.17
796,Ninetta,Ferrarin,nferrarinm3@meetup.com,Female,71.232.174.197
797,Wanda,Fochs,wfochsm4@canalblog.com,Female,24.20.81.125
798,Brandise,Goggey,bgoggeym5@exblog.jp,Bigender,13.75.162.140
799,Felike,Dominec,fdominecm6@netvibes.com,Male,100.233.222.219
800,Leonelle,Pallesen,lpallesenm7@geocities.com,Female,63.9.81.12
801,Aloysius,Jordin,ajordinm8@cmu.edu,Male,21.6.70.111
802,Simona,Hallihane,shallihanem9@europa.eu,Female,187.231.167.206
803,Killy,Senchenko,ksenchenkoma@sfgate.com,Male,225.35.160.174
804,Madelyn,Maitland,mmaitlandmb@state.gov,Female,96.56.4.155
805,Malvina,Falkner,mfalknermc@ustream.tv,Female,160.223.186.112
806,Lance,Durward,ldurwardmd@smh.com.au,Male,76.132.1.39
807,Nero,Poppy,npoppyme@lulu.com,Male,98.104.211.35
808,Shaylyn,Yakebovitch,syakebovitchmf@noaa.gov,Female,68.5.98.114
809,Jamesy,Trye,jtryemg@foxnews.com,Male,71.222.71.164
810,Horatius,Newbold,hnewboldmh@netvibes.com,Male,171.120.55.63
811,Maddi,Dahlman,mdahlmanmi@w3.org,Female,162.122.245.10
812,Dyan,Mascall,dmascallmj@addthis.com,Non-binary,130.18.28.120
813,Arty,Wims,awimsmk@irs.gov,Male,112.87.91.171
814,Maje,Plose,mploseml@slashdot.org,Genderfluid,146.139.81.138
815,Miguela,Mingay,mmingaymm@twitpic.com,Female,240.217.39.172
816,Belva,Sayburn,bsayburnmn@java.com,Non-binary,204.124.188.172
817,Jasmina,Fells,jfellsmo@edublogs.org,Female,188.252.8.1
818,Izaak,Trenear,itrenearmp@eventbrite.com,Male,250.59.246.31
819,Terrye,Richarz,tricharzmq@t-online.de,Female,75.11.90.74
820,Sawyere,Coit,scoitmr@discuz.net,Male,15.141.50.66
821,Pate,Sermin,pserminms@house.gov,Male,41.143.125.91
822,Harriet,Dwerryhouse,hdwerryhousemt@twitpic.com,Female,38.75.22.75
823,Gabriele,Caldecutt,gcaldecuttmu@google.com.au,Genderfluid,238.137.12.186
824,Wayland,Gauthorpp,wgauthorppmv@deliciousdays.com,Male,83.33.254.43
825,Douglass,Bruin,dbruinmw@ning.com,Male,106.65.140.121
826,Kerry,Moorhead,kmoorheadmx@cam.ac.uk,Female,80.168.147.41
827,Sinclare,Soigoux,ssoigouxmy@google.es,Male,118.182.186.180
828,Lolita,Jinda,ljindamz@dell.com,Female,153.168.40.164
829,Krystalle,Shilito,kshiliton0@google.co.jp,Female,10.234.67.140
830,Caressa,Lehrer,clehrern1@wikispaces.com,Female,10.91.136.29
831,Tibold,Manvelle,tmanvellen2@360.cn,Agender,161.188.71.217
832,Rodolfo,Worwood,rworwoodn3@elpais.com,Male,186.98.55.148
833,Alanna,Chanter,achantern4@163.com,Female,28.64.108.64
834,Amaleta,Hatzar,ahatzarn5@bandcamp.com,Female,39.25.199.155
835,Aubree,Crookes,acrookesn6@cisco.com,Female,210.138.149.24
836,Karen,Brotherton,kbrothertonn7@oracle.com,Female,112.235.4.25
837,Cesare,Kettle,ckettlen8@ameblo.jp,Male,184.226.105.199
838,Wiatt,Ruttgers,wruttgersn9@tinyurl.com,Male,164.36.167.27
839,Igor,Cownden,icowndenna@multiply.com,Male,236.237.3.51
840,Alric,Welford,awelfordnb@omniture.com,Male,176.197.215.179
841,Deny,Spalton,dspaltonnc@china.com.cn,Female,47.145.11.97
842,Bobby,Cortnay,bcortnaynd@state.tx.us,Female,41.111.206.148
843,Lorrayne,Innes,linnesne@furl.net,Female,88.145.62.95
844,Janean,Tuxell,jtuxellnf@t.co,Female,131.119.68.99
845,Michelina,Scholtis,mscholtisng@sfgate.com,Female,209.195.173.194
846,Ketty,Januszewicz,kjanuszewicznh@globo.com,Female,185.211.73.121
847,Clarabelle,Collingham,ccollinghamni@diigo.com,Female,69.132.205.39
848,Pooh,Bleything,pbleythingnj@barnesandnoble.com,Male,141.199.248.28
849,Marchelle,Gallardo,mgallardonk@hud.gov,Female,242.98.231.50
850,Teddy,Commander,tcommandernl@issuu.com,Female,203.143.218.76
851,Edita,Farries,efarriesnm@sciencedaily.com,Agender,160.154.118.126
852,Joshia,Maghull,jmaghullnn@msu.edu,Male,109.251.44.66
853,Desmund,Mc Elory,dmceloryno@europa.eu,Male,162.170.120.128
854,Chrissie,Van der Brugge,cvanderbruggenp@dailymail.co.uk,Male,141.234.207.189
855,Hobie,Salvin,hsalvinnq@hatena.ne.jp,Male,62.71.220.186
856,Tildie,Sodeau,tsodeaunr@businessweek.com,Female,192.204.80.115
857,Cammy,Wapol,cwapolns@google.co.uk,Male,122.193.12.13
858,Vaclav,Linton,vlintonnt@paypal.com,Male,82.232.236.137
859,Nahum,Lackington,nlackingtonnu@amazonaws.com,Agender,164.166.84.54
860,Alikee,Haye,ahayenv@technorati.com,Female,167.114.54.224
861,Nev,Bosch,nboschnw@example.com,Male,230.53.72.13
862,Correy,Myderscough,cmyderscoughnx@google.pl,Female,182.0.22.234
863,Hernando,Vasyushkhin,hvasyushkhinny@flavors.me,Male,78.29.105.215
864,Wilmer,McGlade,wmcgladenz@msn.com,Male,100.228.233.7
865,Fletcher,Hickenbottom,fhickenbottomo0@mit.edu,Male,160.252.173.189
866,Lamar,Wickersley,lwickersleyo1@amazon.com,Male,96.80.193.73
867,Winne,Blei,wbleio2@mapy.cz,Female,68.31.254.139
868,Devan,Greson,dgresono3@blog.com,Agender,138.185.129.146
869,Pip,Gehrtz,pgehrtzo4@linkedin.com,Male,61.235.32.104
870,Berke,Youll,byoullo5@phoca.cz,Male,239.210.221.84
871,Bondy,Junes,bjuneso6@bbb.org,Male,128.204.248.199
872,Ursala,Brute,ubruteo7@yale.edu,Non-binary,156.216.169.62
873,Jordon,Martinovic,jmartinovico8@goodreads.com,Male,29.124.151.26
874,Farra,Montrose,fmontroseo9@reverbnation.com,Female,223.37.157.100
875,Thaxter,Beswick,tbeswickoa@edublogs.org,Male,81.190.85.222
876,Marwin,von Grollmann,mvongrollmannob@biglobe.ne.jp,Male,21.83.9.127
877,Daffie,Tilte,dtilteoc@mayoclinic.com,Female,103.24.122.175
878,Jarvis,Langworthy,jlangworthyod@xing.com,Agender,7.68.127.108
879,Celestyn,Moyes,cmoyesoe@google.cn,Female,45.151.236.89
880,Bondy,Doody,bdoodyof@cocolog-nifty.com,Male,117.223.117.82
881,Minna,Tarr,mtarrog@barnesandnoble.com,Female,171.118.75.215
882,Randall,Braunlein,rbraunleinoh@phoca.cz,Male,168.115.209.135
883,Lynnet,Meale,lmealeoi@biglobe.ne.jp,Female,11.157.153.121
884,Krystyna,Boulstridge,kboulstridgeoj@1und1.de,Female,110.103.101.62
885,Prent,Corn,pcornok@privacy.gov.au,Male,87.8.140.122
886,Aharon,Balog,abalogol@trellian.com,Male,188.170.111.85
887,Mommy,Baffin,mbaffinom@usa.gov,Female,113.234.0.172
888,Luisa,Dilley,ldilleyon@discovery.com,Female,132.191.20.67
889,Dare,Belton,dbeltonoo@accuweather.com,Male,135.201.59.246
890,Deerdre,Fittis,dfittisop@soup.io,Non-binary,132.171.116.36
891,Juditha,Melendez,jmelendezoq@moonfruit.com,Female,247.65.78.155
892,Berkley,Streatfeild,bstreatfeildor@google.nl,Male,206.79.125.21
893,Billie,Towson,btowsonos@youtube.com,Male,169.239.219.117
894,Margalit,Jenson,mjensonot@walmart.com,Female,93.23.2.129
895,Leonie,Windridge,lwindridgeou@dropbox.com,Female,222.205.90.233
896,Denny,Andreopolos,dandreopolosov@last.fm,Male,37.244.90.174
897,Andrew,Stabbins,astabbinsow@skyrock.com,Male,220.152.58.145
898,Fiann,Vicar,fvicarox@xinhuanet.com,Female,12.86.30.60
899,Conney,McGahern,cmcgahernoy@wikipedia.org,Male,162.177.163.168
900,Dru,Mattessen,dmattessenoz@nytimes.com,Male,255.178.74.37
901,Lazar,Keysall,lkeysallp0@ehow.com,Genderqueer,198.12.122.29
902,Cointon,Espinho,cespinhop1@liveinternet.ru,Male,77.240.221.132
903,Rutledge,Murfett,rmurfettp2@dailymotion.com,Male,12.238.119.172
904,Ailyn,Allbut,aallbutp3@dion.ne.jp,Female,167.212.128.102
905,Jo,Anwyl,janwylp4@netscape.com,Male,116.12.68.151
906,Lance,Beadman,lbeadmanp5@disqus.com,Male,156.91.110.96
907,Alicea,Remmer,aremmerp6@ameblo.jp,Female,115.132.14.159
908,Ariana,Sherewood,asherewoodp7@illinois.edu,Female,248.59.99.88
909,Hercules,Tanguy,htanguyp8@senate.gov,Male,73.27.232.167
910,Lazaro,Aspinell,laspinellp9@yelp.com,Male,163.185.254.82
911,Avivah,Instone,ainstonepa@cmu.edu,Female,22.243.255.239
912,Foster,Apted,faptedpb@loc.gov,Male,208.238.92.9
913,Edvard,Lievesley,elievesleypc@weather.com,Male,77.51.19.69
914,Barry,Drakeford,bdrakefordpd@surveymonkey.com,Male,240.87.221.250
915,Yehudi,Valde,yvaldepe@foxnews.com,Male,162.178.60.33
916,Christoph,Jepson,cjepsonpf@go.com,Male,238.123.199.171
917,Laureen,Cantillion,lcantillionpg@etsy.com,Female,84.227.197.243
918,Charlie,Braybrooke,cbraybrookeph@ibm.com,Male,83.173.217.119
919,Adina,Stonelake,astonelakepi@ftc.gov,Female,230.54.146.160
920,Michel,Phuprate,mphupratepj@marriott.com,Male,11.250.205.149
921,Sashenka,Mowbury,smowburypk@omniture.com,Female,95.49.241.201
922,Jasper,Ruggiero,jruggieropl@mozilla.org,Male,183.72.175.72
923,Billi,Gleave,bgleavepm@blinklist.com,Female,39.195.140.186
924,Genia,Ghidoli,gghidolipn@vinaora.com,Female,67.119.21.242
925,Kerry,Sikora,ksikorapo@wordpress.com,Female,32.172.22.46
926,Gar,Wrigglesworth,gwrigglesworthpp@seattletimes.com,Male,243.144.154.124
927,Lishe,Adnam,ladnampq@va.gov,Female,123.122.24.244
928,Alfonse,Pepall,apepallpr@naver.com,Male,33.22.142.130
929,Laetitia,Gantley,lgantleyps@epa.gov,Female,28.203.179.197
930,Ruddy,Briat,rbriatpt@about.me,Male,81.233.172.55
931,Dolley,Osorio,dosoriopu@sfgate.com,Female,68.109.53.250
932,Thoma,Rance,trancepv@exblog.jp,Male,106.175.61.87
933,Kevyn,Machel,kmachelpw@guardian.co.uk,Non-binary,159.168.239.186
934,Faina,Tryme,ftrymepx@ucsd.edu,Female,181.73.217.11
935,Walther,Crossthwaite,wcrossthwaitepy@wordpress.com,Male,16.68.167.3
936,Jacquenette,Snawden,jsnawdenpz@nhs.uk,Female,188.93.20.159
937,Roderic,Earley,rearleyq0@state.tx.us,Male,77.21.204.19
938,Ewart,Jahner,ejahnerq1@ehow.com,Male,74.60.221.115
939,Gorden,Maddin,gmaddinq2@acquirethisname.com,Male,63.85.4.157
940,Kipp,Ronnay,kronnayq3@wikia.com,Male,48.165.219.40
941,See,Kearle,skearleq4@state.tx.us,Male,130.39.149.27
942,Tessa,Dorsett,tdorsettq5@google.cn,Female,174.158.158.195
943,Sena,Sudy,ssudyq6@histats.com,Female,107.88.75.236
944,Fowler,Hotchkin,fhotchkinq7@feedburner.com,Male,38.158.36.29
945,Zared,Kardos-Stowe,zkardosstoweq8@ebay.co.uk,Male,198.141.250.25
946,Sansone,Allmann,sallmannq9@jimdo.com,Male,76.63.244.98
947,Belicia,Arundel,barundelqa@wp.com,Female,174.189.149.144
948,Jack,Daenen,jdaenenqb@geocities.com,Male,175.166.71.160
949,Chastity,Roddam,croddamqc@psu.edu,Female,247.33.102.18
950,Dorie,Conre,dconreqd@auda.org.au,Male,149.140.74.139
951,Linnet,Morrell,lmorrellqe@abc.net.au,Female,153.57.251.48
952,Zane,Haggar,zhaggarqf@fc2.com,Male,171.178.86.124
953,Fernandina,Taggett,ftaggettqg@msu.edu,Female,150.181.85.110
954,El,Bogaert,ebogaertqh@skyrock.com,Male,236.8.204.102
955,Webb,Credland,wcredlandqi@printfriendly.com,Male,42.148.131.74
956,Shelton,Genery,sgeneryqj@wired.com,Male,234.22.100.250
957,Shelly,Leavey,sleaveyqk@sbwire.com,Female,24.50.120.122
958,Daven,Vizard,dvizardql@a8.net,Male,10.2.238.211
959,Orin,Gemmill,ogemmillqm@wikia.com,Male,34.182.233.226
960,Parnell,Causley,pcausleyqn@tiny.cc,Male,62.115.99.249
961,Netty,Hill,nhillqo@hibu.com,Polygender,209.33.169.207
962,Ode,McNulty,omcnultyqp@storify.com,Male,170.149.72.78
963,Henryetta,Insley,hinsleyqq@dion.ne.jp,Female,4.100.74.238
964,Ermin,Belz,ebelzqr@mac.com,Male,26.160.145.197
965,Lazare,Dunlap,ldunlapqs@bandcamp.com,Male,86.142.118.98
966,Ludvig,Ryton,lrytonqt@dailymail.co.uk,Male,110.91.250.141
967,Annalise,Rizzillo,arizzilloqu@mozilla.org,Female,247.196.53.177
968,Godfree,Baddoe,gbaddoeqv@google.nl,Male,213.36.173.29
969,Binnie,Arend,barendqw@hostgator.com,Female,142.12.138.68
970,Jenelle,Geraghty,jgeraghtyqx@si.edu,Female,84.157.168.252
971,De witt,Pim,dpimqy@latimes.com,Male,201.153.38.163
972,Tiffany,Clemmett,tclemmettqz@mashable.com,Female,130.35.34.230
973,Gnni,Gregolotti,ggregolottir0@harvard.edu,Agender,171.134.230.122
974,Orelee,Caseri,ocaserir1@so-net.ne.jp,Female,83.42.231.18
975,Bella,Greatrex,bgreatrexr2@elpais.com,Female,81.32.247.197
976,Pancho,Cottisford,pcottisfordr3@privacy.gov.au,Male,185.159.52.38
977,Agnella,Canape,acanaper4@nsw.gov.au,Female,109.174.56.55
978,Sherwood,Rumin,sruminr5@soup.io,Male,131.147.122.4
979,Janos,Jacobs,jjacobsr6@timesonline.co.uk,Male,186.56.72.63
980,Tessa,Edon,tedonr7@homestead.com,Female,10.184.137.85
981,Alfonso,Corssen,acorssenr8@list-manage.com,Male,230.19.109.69
982,Rodd,Gladbach,rgladbachr9@elegantthemes.com,Male,5.19.120.16
983,Yuma,Blakeney,yblakeneyra@squidoo.com,Male,244.108.239.47
984,Urbanus,Lorraine,ulorrainerb@wix.com,Male,78.36.135.15
985,Libbie,Parfitt,lparfittrc@state.tx.us,Female,192.14.119.201
986,Becky,Andrassy,bandrassyrd@opera.com,Female,3.23.18.192
987,Maynord,Piperley,mpiperleyre@altervista.org,Male,159.197.176.100
988,Willey,Sharrem,wsharremrf@miitbeian.gov.cn,Polygender,226.191.219.90
989,Ezmeralda,Hellings,ehellingsrg@woothemes.com,Female,249.9.164.34
990,Sheila,Crace,scracerh@hc360.com,Female,183.181.123.150
991,Zorina,Nutty,znuttyri@facebook.com,Female,174.151.14.16
992,Susanna,Ludwell,sludwellrj@lycos.com,Female,120.45.73.50
993,Sherman,Gehringer,sgehringerrk@tiny.cc,Male,151.234.116.46
994,Prisca,Pohling,ppohlingrl@smh.com.au,Female,159.155.107.60
1002,Prisca,Pohling,ppohlingrl@smh.com.au,Female,600.155.107.60
995,Tyrone,Feaster,tfeasterrm@sciencedirect.com,Male,238.151.200.178
996,Valentia,Barbery,vbarberyrn@rediff.com,Female,103.183.173.73
997,Wilek,Vaughan,wvaughanro@toplist.cz,Male,189.0.161.90
998,Karney,Le Marquand,klemarquandrp@abc.net.au,Male,23.134.219.49
999,Doralin,Stoakley,dstoakleyrq@senate.gov,Polygender,2.158.219.181
1000,Windy,Esson,wessonrr@paypal.com,Female,108.3.212.227
mil uno,Esteban,Esson,wessonrr@paypal.com,Female,108.3.212.227
1001,Esteba,Esson,fakeEmail,Female,108.3.212.227